{"cameraMode":{"drawMode":0,"name":"Shaded","section":"Shading Mode"},"sceneLighting":true,"audioPlay":false,"sceneViewState":{"showFog":true,"showMaterialUpdate":false,"showSkybox":true,"showFlares":true,"showImageEffects":true,"showParticleSystems":true},"in2DMode":false,"pivot":{"x":73.86602020263672,"y":-6.725131034851074,"z":79.2967300415039},"rotation":{"x":-0.10546384006738663,"y":-0.34055036306381228,"z":0.03847772628068924,"w":-0.9335086345672607},"size":40.010372161865237,"orthographic":false}