{"cameraMode":{"drawMode":0,"name":"Shaded","section":"Shading Mode"},"sceneLighting":true,"audioPlay":false,"sceneViewState":{"showFog":true,"showMaterialUpdate":false,"showSkybox":true,"showFlares":true,"showImageEffects":true,"showParticleSystems":true},"in2DMode":false,"pivot":{"x":44.38105010986328,"y":0.02109813690185547,"z":4.331552982330322},"rotation":{"x":-0.3562910854816437,"y":-0.04846523329615593,"z":0.01850895769894123,"w":-0.9329339861869812},"size":11.064831733703614,"orthographic":false}